"week","season","Team","opponent","code","date","win_loss","OT","OT_num","pass","rush","rec","points_allowed","points_scored","point_differential","home_game","CONF","SOR","FPI","SOS","GC","AVGWP","AP_rank","opponent_rank","rank_change","ranked_opponent"
10,2021,"Auburn","Texas A&M",2,"Sat, Nov 6",0,0,0,153,69,50,20,3,-17,0,"SEC",48,20,4,29,58,12,13,-9,TRUE
10,2021,"Texas A&M","Auburn",245,"Sat, Nov 6",1,0,0,192,112,77,3,20,17,1,"SEC",29,14,52,30,28,13,12,-4,TRUE
10,2022,"Alabama","LSU",333,"Sat, Nov 5",0,1,1,328,99,97,32,31,-1,0,"SEC",4,2,9,3,4,6,15,0,TRUE
10,2022,"Georgia","Tennessee",61,"Sat, Nov 5",1,0,0,257,52,94,13,27,14,1,"SEC",1,1,8,1,1,1,2,0,TRUE
10,2022,"LSU","Alabama",99,"Sat, Nov 5",1,1,1,182,95,51,31,32,1,1,"SEC",8,10,2,27,58,15,6,-11,TRUE
10,2022,"NC State","NC State",154,"Sat, Nov 5",0,0,0,397,29,159,30,21,-9,0,"ACC",33,39,53,32,40,21,21,-2,TRUE
10,2022,"Tennessee","Georgia",2633,"Sat, Nov 5",0,0,0,195,69,68,27,13,-14,0,"SEC",5,5,7,4,8,2,1,-1,TRUE
10,2022,"UCF","Tulane",2116,"Sat, Nov 12",1,0,0,132,176,54,31,38,7,0,"American",45,37,72,49,44,25,19,-1,TRUE
10,2022,"Wake Forest","NC State",154,"Sat, Nov 5",0,0,0,397,29,159,30,21,-9,0,"ACC",35,32,58,26,28,20,21,10,TRUE
10,2023,"Alabama","LSU",333,"Sat, Nov 4",1,0,0,219,155,60,28,42,14,1,"SEC",4,6,2,7,15,8,13,0,TRUE
10,2023,"Georgia","Missouri",61,"Sat, Nov 4",1,0,0,254,77,95,21,30,9,1,"SEC",3,2,23,2,3,1,14,0,TRUE
10,2023,"LSU","Alabama",99,"Sat, Nov 4",0,0,0,219,163,171,42,28,-14,0,"SEC",11,10,17,16,28,13,8,-6,TRUE
10,2023,"Missouri","Georgia",142,"Sat, Nov 4",0,0,0,212,112,90,30,21,-9,0,"SEC",8,14,9,8,12,14,1,-6,TRUE
10,2023,"Texas","Kansas State",251,"Sat, Nov 4",1,1,1,248,112,149,30,33,3,1,"Big 12",9,7,12,4,5,7,25,0,TRUE
10,2023,"Washington","USC",264,"Sat, Nov 4",1,0,0,256,256,82,42,52,10,0,"Pac-12",2,12,1,3,8,5,24,0,TRUE
10,2024,"Ohio State","Penn State",194,"Sat, Nov 2",1,0,0,182,95,55,13,20,7,0,"Big Ten",1,1,2,1,1,4,3,0,TRUE
10,2024,"Penn State","Ohio State",213,"Sat, Nov 2",0,0,0,146,47,54,20,13,-7,1,"Big Ten",6,6,10,8,13,3,4,0,TRUE
11,2021,"Baylor","Oklahoma",239,"Sat, Nov 13",1,0,0,117,148,41,14,27,13,1,"Big 12",7,15,25,6,7,18,4,4,TRUE
11,2021,"Michigan","Penn State",130,"Sat, Nov 13",1,0,0,217,156,64,17,21,4,0,"Big Ten",3,4,5,3,4,9,23,0,TRUE
11,2021,"NC State","NC State",154,"Sat, Nov 13",1,0,0,290,56,73,42,45,3,1,"ACC",23,16,63,26,30,21,21,-5,TRUE
11,2021,"Oklahoma","Baylor",201,"Sat, Nov 13",0,0,0,142,55,53,27,14,-13,0,"Big 12",9,5,40,16,20,4,18,0,TRUE
11,2021,"Ole Miss","Texas A&M",145,"Sat, Nov 13",1,0,0,247,152,69,19,29,10,1,"SEC",12,18,19,8,16,12,11,-3,TRUE
11,2021,"Penn State","Michigan",213,"Sat, Nov 13",0,0,0,205,88,92,21,17,-4,1,"Big Ten",37,17,10,14,33,23,9,1,TRUE
11,2021,"Texas A&M","Ole Miss",245,"Sat, Nov 13",0,0,0,237,110,77,29,19,-10,0,"SEC",29,14,52,30,28,11,12,-2,TRUE
11,2021,"Wake Forest","NC State",154,"Sat, Nov 13",1,0,0,290,56,73,42,45,3,1,"ACC",15,22,45,11,13,13,21,3,TRUE
11,2022,"Alabama","Ole Miss",333,"Sat, Nov 12",1,0,0,209,84,61,24,30,6,0,"SEC",4,2,9,3,4,10,11,4,TRUE
11,2022,"NC State","North Carolina",154,"Sat, Nov 12",0,0,0,320,81,106,36,34,-2,1,"ACC",33,39,53,32,40,17,15,-4,TRUE
11,2022,"Ole Miss","Alabama",145,"Sat, Nov 12",0,0,0,212,135,123,30,24,-6,1,"SEC",28,18,36,20,31,11,10,-1,TRUE
11,2022,"Oregon","Washington",2483,"Sat, Nov 12",0,0,0,280,146,139,37,34,-3,1,"Pac-12",13,14,23,11,12,6,24,-2,TRUE
11,2022,"TCU","Texas",2628,"Sat, Nov 12",1,0,0,124,138,66,10,17,7,0,"Big 12",2,13,4,13,30,4,18,-3,TRUE
11,2022,"Texas","TCU",251,"Sat, Nov 12",0,0,0,171,29,78,17,10,-7,1,"Big 12",21,7,24,9,13,18,4,-8,TRUE
11,2022,"Tulane","UCF",2655,"Sat, Nov 12",0,0,0,236,130,95,38,31,-7,1,"American",10,25,65,23,11,16,22,-3,TRUE
11,2022,"Utah","Oregon",254,"Sat, Nov 19",0,0,0,170,55,99,20,17,-3,0,"Pac-12",19,8,41,19,25,13,6,1,TRUE
11,2023,"Georgia","Ole Miss",61,"Sat, Nov 11",1,0,0,306,127,81,17,52,35,1,"SEC",3,2,23,2,3,1,10,0,TRUE
11,2023,"Michigan","Penn State",130,"Sat, Nov 11",1,0,0,60,145,24,15,24,9,0,"Big Ten",1,1,7,1,1,2,9,0,TRUE
11,2023,"Missouri","Tennessee",142,"Sat, Nov 11",1,0,0,275,205,116,7,36,29,1,"SEC",8,14,9,8,12,16,14,2,TRUE
11,2023,"Ole Miss","Georgia",145,"Sat, Nov 11",0,0,0,112,75,48,52,17,-35,0,"SEC",6,15,3,12,17,10,1,-1,TRUE
11,2023,"Penn State","Michigan",213,"Sat, Nov 11",0,0,0,70,72,25,24,15,-9,1,"Big Ten",12,5,22,11,13,9,2,0,TRUE
11,2023,"Tennessee","Missouri",2633,"Sat, Nov 11",0,0,0,267,36,57,36,7,-29,0,"SEC",18,16,18,14,18,14,16,-6,TRUE
11,2023,"Utah","Washington",254,"Sat, Nov 11",0,0,0,267,39,145,35,28,-7,0,"Pac-12",28,25,29,37,62,13,5,-5,TRUE
11,2023,"Washington","Utah",264,"Sat, Nov 11",1,0,0,332,104,111,28,35,7,1,"Pac-12",2,12,1,3,8,5,13,0,TRUE
11,2024,"Alabama","LSU",333,"Sat, Nov 9",1,0,0,109,185,50,13,42,29,0,"SEC",17,4,20,7,12,11,14,-4,TRUE
11,2024,"Georgia","Ole Miss",61,"Sat, Nov 9",0,0,0,186,47,41,28,10,-18,0,"SEC",4,7,1,12,46,2,16,0,TRUE
11,2024,"LSU","Alabama",99,"Sat, Nov 9",0,0,0,239,63,79,42,13,-29,1,"SEC",10,18,14,15,34,14,11,7,TRUE
11,2024,"Ole Miss","Georgia",145,"Sat, Nov 9",1,0,0,199,50,81,10,28,18,1,"SEC",13,5,37,3,2,16,2,-2,TRUE
11,2024,"Pittsburgh","Clemson",221,"Sat, Nov 16",0,0,0,350,68,108,24,20,-4,1,"ACC",54,56,57,66,78,23,19,6,TRUE
11,2024,"SMU","Pittsburgh",2567,"Sat, Nov 2",1,0,0,306,161,108,25,48,23,1,"ACC",18,13,41,18,16,13,23,-7,TRUE
12,2021,"Alabama","Arkansas",333,"Sat, Nov 20",1,0,0,559,122,190,35,42,7,1,"SEC",2,2,1,2,3,2,21,-1,TRUE
12,2021,"Arkansas","Alabama",8,"Sat, Nov 20",0,0,0,326,42,179,42,35,-7,0,"SEC",14,21,2,20,41,21,2,-5,TRUE
12,2021,"Michigan State","Ohio State",127,"Sat, Nov 20",0,0,0,158,29,46,56,7,-49,0,"Big Ten",5,19,13,19,39,7,5,-1,TRUE
12,2021,"Ohio State","Michigan State",194,"Sat, Nov 20",1,0,0,432,95,140,7,56,49,1,"Big Ten",8,3,27,4,8,5,7,-1,TRUE
12,2021,"Utah","Oregon",254,"Sat, Nov 20",1,0,0,178,94,118,7,38,31,1,"Pac-12",27,11,47,17,18,24,4,-2,TRUE
12,2022,"Oregon","Utah",2483,"Sat, Nov 19",1,0,0,287,53,151,17,20,3,1,"Pac-12",13,14,23,11,12,12,10,6,TRUE
12,2022,"Oregon State","Oregon",204,"Sat, Nov 26",1,0,0,60,103,23,34,38,4,1,"Pac-12",17,19,52,16,21,25,12,-1,TRUE
12,2022,"UCLA","USC",26,"Sat, Nov 19",0,0,0,309,95,76,48,45,-3,1,"Pac-12",29,27,64,28,17,16,7,7,TRUE
12,2022,"USC","UCLA",30,"Sat, Nov 19",1,0,0,470,120,178,45,48,3,0,"Pac-12",11,16,35,6,7,7,16,-1,TRUE
12,2023,"Arizona","Utah",12,"Sat, Nov 18",1,0,0,253,90,116,18,42,24,1,"Pac-12",16,20,57,23,30,19,16,-4,TRUE
12,2023,"Georgia","Tennessee",61,"Sat, Nov 18",1,0,0,298,66,91,10,38,28,0,"SEC",3,2,23,2,3,1,21,0,TRUE
12,2023,"Oregon State","Washington",204,"Sat, Nov 18",0,0,0,164,123,64,22,20,-2,1,"Pac-12",31,21,25,20,34,10,5,-2,TRUE
12,2023,"Tennessee","Georgia",2633,"Sat, Nov 18",0,0,0,147,90,45,38,10,-28,1,"SEC",18,16,18,14,18,21,1,7,TRUE
12,2023,"Utah","Arizona",254,"Sat, Nov 18",0,0,0,320,47,111,42,18,-24,0,"Pac-12",28,25,29,37,62,16,19,3,TRUE
12,2023,"Washington","Oregon State",264,"Sat, Nov 18",1,0,0,162,89,106,20,22,2,0,"Pac-12",2,12,1,3,8,5,10,0,TRUE
12,2024,"Georgia","Tennessee",61,"Sat, Nov 16",1,0,0,347,68,63,17,31,14,1,"SEC",4,7,1,12,46,11,6,9,TRUE
12,2024,"Missouri","South Carolina",142,"Sat, Nov 16",0,0,0,237,150,85,34,30,-4,0,"SEC",12,20,34,39,54,24,23,-2,TRUE
12,2024,"South Carolina","Missouri",2579,"Sat, Nov 16",1,0,0,353,53,86,30,34,4,1,"SEC",19,15,21,9,19,23,24,-3,TRUE
12,2024,"Tennessee","Georgia",2633,"Sat, Nov 16",0,0,0,167,101,46,31,17,-14,0,"SEC",9,9,16,11,15,6,11,-1,TRUE
13,2021,"Michigan","Ohio State",130,"Sat, Nov 27",1,0,0,159,169,55,27,42,15,1,"Big Ten",3,4,5,3,4,6,2,-2,TRUE
13,2021,"Ohio State","Michigan",194,"Sat, Nov 27",0,0,0,394,74,127,42,27,-15,0,"Big Ten",8,3,27,4,8,2,6,-3,TRUE
13,2021,"Oklahoma","Oklahoma State",201,"Sat, Nov 27",0,0,0,252,139,76,37,33,-4,0,"Big 12",9,5,40,16,20,10,7,-2,TRUE
13,2021,"Oklahoma State","Oklahoma",197,"Sat, Nov 27",1,0,0,214,93,89,33,37,4,1,"Big 12",4,7,18,10,23,7,10,-2,TRUE
13,2021,"Oregon","Utah",2483,"Fri, Dec 3",0,0,0,147,82,51,38,10,-28,1,"Pac-12",20,30,8,23,37,11,16,7,TRUE
13,2022,"Cincinnati","Tulane",2132,"Fri, Nov 25",0,0,0,102,95,41,27,24,-3,1,"American",39,40,82,40,29,21,19,-1,TRUE
13,2022,"Michigan","Ohio State",130,"Sat, Nov 26",1,0,0,263,216,160,23,45,22,0,"Big Ten",3,4,28,7,3,3,2,0,TRUE
13,2022,"Notre Dame","USC",87,"Sat, Nov 26",0,0,0,318,43,98,38,27,-11,0,"FBS Indep.",20,17,33,18,24,13,5,-5,TRUE
13,2022,"Ohio State","Michigan",194,"Sat, Nov 26",0,0,0,349,83,125,45,23,-22,1,"Big Ten",6,3,15,2,2,2,3,0,TRUE
13,2022,"Oregon","Oregon State",2483,"Sat, Nov 26",0,0,0,327,81,136,38,34,-4,0,"Pac-12",13,14,23,11,12,10,22,-2,TRUE
13,2022,"Tulane","Cincinnati",2655,"Fri, Nov 25",1,0,0,162,181,62,24,27,3,0,"American",10,25,65,23,11,19,21,-2,TRUE
13,2022,"UCF","Tulane",2116,"Sat, Dec 3",0,0,0,209,85,98,45,28,-17,0,"American",45,37,72,49,44,25,19,8,TRUE
13,2022,"USC","Notre Dame",30,"Sat, Nov 26",1,0,0,232,154,45,27,38,11,1,"Pac-12",11,16,35,6,7,5,13,-2,TRUE
13,2022,"Utah","USC",254,"Fri, Dec 2",1,0,0,310,105,88,24,47,23,1,"Pac-12",19,8,41,19,25,14,5,4,TRUE
13,2022,"Washington","Texas",264,"Thu, Dec 29",1,0,0,287,108,58,20,27,7,1,"Pac-12",9,20,60,14,9,12,24,-3,TRUE
13,2023,"Michigan","Ohio State",130,"Sat, Nov 25",1,0,0,148,88,88,24,30,6,1,"Big Ten",1,1,7,1,1,3,2,1,TRUE
13,2023,"Ohio State","Michigan",194,"Sat, Nov 25",0,0,0,271,60,118,30,24,-6,0,"Big Ten",7,3,5,6,7,2,3,-1,TRUE
13,2023,"Oklahoma State","Texas",197,"Sat, Dec 2",0,0,0,250,34,93,49,21,-28,1,"Big 12",17,39,26,51,80,21,7,-3,TRUE
13,2023,"Oregon","Oregon State",2483,"Fri, Nov 24",1,0,0,367,43,137,7,31,24,1,"Pac-12",10,4,52,5,2,6,15,0,TRUE
13,2023,"Oregon State","Oregon",204,"Fri, Nov 24",0,0,0,220,38,85,31,7,-24,0,"Pac-12",31,21,25,20,34,15,6,5,TRUE
13,2024,"Arizona State","BYU",9,"Sat, Nov 23",1,0,0,247,147,125,23,28,5,1,"Big 12",14,21,39,19,24,21,14,-5,TRUE
13,2024,"Army","Notre Dame",349,"Sat, Nov 23",0,0,0,26,145,11,49,14,-35,1,"American",27,50,89,25,4,18,6,0,TRUE
13,2024,"BYU","Arizona State",252,"Sat, Nov 23",0,0,0,346,42,108,28,23,-5,0,"Big 12",7,25,44,14,14,14,21,7,TRUE
13,2024,"Indiana","Ohio State",84,"Sat, Nov 23",0,0,0,68,79,40,38,15,-23,0,"Big Ten",8,10,35,6,6,5,2,-3,TRUE
13,2024,"Notre Dame","Army",87,"Sat, Nov 23",1,0,0,148,130,46,14,49,35,1,"FBS Indep.",3,3,4,4,5,6,18,-2,TRUE
13,2024,"Ohio State","Indiana",194,"Sat, Nov 23",1,0,0,201,68,80,15,38,23,1,"Big Ten",1,1,2,1,1,2,5,0,TRUE
14,2021,"Alabama","Georgia",333,"Sat, Dec 4",1,0,0,421,55,184,24,41,17,1,"SEC",2,2,1,2,3,4,1,1,TRUE
14,2021,"Baylor","Oklahoma State",239,"Sat, Dec 4",1,0,0,180,63,71,16,21,5,1,"Big 12",7,15,25,6,7,9,5,0,TRUE
14,2021,"Cincinnati","Houston",2132,"Sat, Dec 4",1,0,0,190,187,65,20,35,15,1,"American",6,10,54,5,2,3,16,-1,TRUE
14,2021,"Georgia","Alabama",61,"Sat, Dec 4",0,0,0,340,38,139,41,24,-17,1,"SEC",1,1,3,1,1,1,4,0,TRUE
14,2021,"Houston","Cincinnati",248,"Sat, Dec 4",0,0,0,250,39,152,35,20,-15,0,"American",17,37,78,27,10,16,3,-1,TRUE
14,2021,"Iowa","Michigan",2294,"Sat, Dec 4",0,0,0,137,56,62,42,3,-39,1,"Big Ten",16,32,23,33,54,15,2,-2,TRUE
14,2021,"Kentucky","Iowa",96,"Sat, Jan 1",1,0,0,233,107,170,17,20,3,1,"SEC",19,28,32,15,15,25,15,-1,TRUE
14,2021,"Michigan","Iowa",130,"Sat, Dec 4",1,0,0,169,74,82,3,42,39,1,"Big Ten",3,4,5,3,4,2,15,-4,TRUE
14,2021,"Michigan State","Pittsburgh",127,"Thu, Dec 30",1,0,0,354,23,108,21,31,10,1,"Big Ten",5,19,13,19,39,11,17,-1,TRUE
14,2021,"NC State","Pittsburgh",154,"Sat, Dec 4",0,0,0,213,34,83,45,21,-24,1,"ACC",23,16,63,26,30,21,17,-3,TRUE
14,2021,"Notre Dame","Oklahoma State",87,"Sat, Jan 1",0,0,0,509,29,136,37,35,-2,1,"FBS Indep.",10,6,43,9,11,6,5,1,TRUE
14,2021,"Ohio State","Utah",194,"Sat, Jan 1",1,0,0,573,83,347,45,48,3,1,"Big Ten",8,3,27,4,8,7,14,5,TRUE
14,2021,"Oklahoma","Oregon",201,"Wed, Dec 29",1,0,0,242,142,64,32,47,15,1,"Big 12",9,5,40,16,20,13,10,3,TRUE
14,2021,"Oklahoma State","Baylor",197,"Sat, Dec 4",0,0,0,257,33,88,21,16,-5,1,"Big 12",4,7,18,10,23,5,9,-2,TRUE
14,2021,"Ole Miss","Baylor",145,"Sat, Jan 1",0,0,0,174,65,104,21,7,-14,1,"SEC",12,18,19,8,16,8,9,0,TRUE
14,2021,"Oregon","Oklahoma",2483,"Wed, Dec 29",0,0,0,306,153,90,47,32,-15,1,"Pac-12",20,30,8,23,37,10,13,-1,TRUE
14,2021,"Pittsburgh","Wake Forest",221,"Sat, Dec 4",1,0,0,253,55,126,21,45,24,1,"ACC",21,12,57,13,9,17,18,-3,TRUE
14,2021,"Utah","Oregon",254,"Fri, Dec 3",1,0,0,170,63,72,10,38,28,1,"Pac-12",27,11,47,17,18,14,10,-2,TRUE
14,2021,"Wake Forest","Pittsburgh",154,"Sat, Dec 4",0,0,0,213,34,83,45,21,-24,1,"ACC",15,22,45,11,13,18,17,-3,TRUE
14,2022,"Alabama","Kansas State",333,"Sat, Dec 31",1,0,0,321,76,87,20,45,25,1,"SEC",4,2,9,3,4,6,13,-2,TRUE
14,2022,"Clemson","North Carolina",228,"Sat, Dec 3",1,0,0,279,30,101,10,39,29,1,"ACC",14,9,42,15,15,10,24,3,TRUE
14,2022,"Georgia","LSU",61,"Sat, Dec 3",1,0,0,274,113,81,30,50,20,1,"SEC",1,1,8,1,1,1,11,0,TRUE
14,2022,"Kansas State","TCU",2306,"Sat, Dec 3",1,1,1,199,130,48,28,31,3,1,"Big 12",12,12,11,8,14,13,3,-2,TRUE
14,2022,"LSU","Georgia",99,"Sat, Dec 3",0,0,0,294,55,128,50,30,-20,1,"SEC",8,10,2,27,58,11,1,5,TRUE
14,2022,"Notre Dame","South Carolina",87,"Fri, Dec 30",1,0,0,273,95,89,38,45,7,1,"FBS Indep.",20,17,33,18,24,19,20,6,TRUE
14,2022,"Ohio State","Georgia",194,"Sat, Dec 31",0,0,0,348,43,112,42,41,-1,1,"Big Ten",6,3,15,2,2,5,1,3,TRUE
14,2022,"Oregon","North Carolina",2483,"Wed, Dec 28",1,0,0,205,149,84,27,28,1,1,"Pac-12",13,14,23,11,12,15,24,5,TRUE
14,2022,"Penn State","Utah",213,"Mon, Jan 2",1,0,0,279,120,124,21,35,14,1,"Big Ten",7,6,20,5,5,8,12,-3,TRUE
14,2022,"South Carolina","Notre Dame",2579,"Fri, Dec 30",0,0,0,246,28,78,45,38,-7,1,"SEC",23,49,13,34,61,20,19,-6,TRUE
14,2022,"TCU","Kansas State",2628,"Sat, Dec 3",0,1,1,251,110,139,31,28,-3,1,"Big 12",2,13,4,13,30,3,13,-1,TRUE
14,2022,"Tennessee","Clemson",2633,"Fri, Dec 30",1,0,0,251,89,108,14,31,17,1,"SEC",5,5,7,4,8,7,10,-2,TRUE
14,2022,"Tulane","UCF",2655,"Sat, Dec 3",1,0,0,394,199,134,28,45,17,1,"American",10,25,65,23,11,18,22,-1,TRUE
14,2022,"USC","Utah",30,"Fri, Dec 2",0,0,0,363,35,93,47,24,-23,1,"Pac-12",11,16,35,6,7,4,12,-1,TRUE
14,2022,"Utah","Penn State",254,"Mon, Jan 2",0,0,0,112,81,100,35,21,-14,1,"Pac-12",19,8,41,19,25,12,8,-2,TRUE
14,2023,"Alabama","Georgia",333,"Sat, Dec 2",1,0,0,192,64,79,24,27,3,1,"SEC",4,6,2,7,15,8,1,0,TRUE
14,2023,"Arizona","Oklahoma",12,"Thu, Dec 28",1,0,0,354,27,160,24,38,14,1,"Pac-12",16,20,57,23,30,14,12,-2,TRUE
14,2023,"Florida State","Louisville",52,"Sat, Dec 2",1,0,0,55,118,21,6,16,10,1,"ACC",5,13,36,17,21,4,15,-1,TRUE
14,2023,"Georgia","Alabama",61,"Sat, Dec 2",0,0,0,243,42,53,27,24,-3,1,"SEC",3,2,23,2,3,1,8,0,TRUE
14,2023,"Iowa","Michigan",2294,"Sat, Dec 2",0,0,0,120,25,50,26,0,-26,1,"Big Ten",20,46,19,40,55,18,2,-2,TRUE
14,2023,"Liberty","Oregon",2335,"Mon, Jan 1",0,0,0,126,79,79,45,6,-39,1,"CUSA",15,54,98,26,4,20,5,-2,TRUE
14,2023,"Louisville","Florida State",97,"Sat, Dec 2",0,0,0,111,52,57,16,6,-10,1,"ACC",21,23,47,21,25,15,4,6,TRUE
14,2023,"Michigan","Iowa",130,"Sat, Dec 2",1,0,0,147,52,64,0,26,26,1,"Big Ten",1,1,7,1,1,2,18,-1,TRUE
14,2023,"Missouri","Ohio State",142,"Fri, Dec 29",1,0,0,128,128,50,3,14,11,1,"SEC",8,14,9,8,12,9,6,-1,TRUE
14,2023,"Ohio State","Missouri",194,"Fri, Dec 29",0,0,0,86,72,63,14,3,-11,1,"Big Ten",7,3,5,6,7,6,9,4,TRUE
14,2023,"Oklahoma","Arizona",201,"Thu, Dec 28",0,0,0,361,134,83,38,24,-14,1,"Big 12",14,9,50,10,9,12,14,-2,TRUE
14,2023,"Ole Miss","Penn State",145,"Sat, Dec 30",1,0,0,379,106,136,25,38,13,1,"SEC",6,15,3,12,17,11,10,-1,TRUE
14,2023,"Oregon","Washington",2483,"Fri, Dec 1",0,0,0,239,69,68,34,31,-3,1,"Pac-12",10,4,52,5,2,5,3,-1,TRUE
14,2023,"Oregon State","Notre Dame",204,"Fri, Dec 29",0,0,0,180,15,56,40,8,-32,1,"Pac-12",31,21,25,20,34,21,16,6,TRUE
14,2023,"Penn State","Ole Miss",213,"Sat, Dec 30",0,0,0,295,51,127,38,25,-13,1,"Big Ten",12,5,22,11,13,10,11,-1,TRUE
14,2023,"Texas","Oklahoma State",251,"Sat, Dec 2",1,0,0,452,75,109,21,49,28,1,"Big 12",9,7,12,4,5,7,19,0,TRUE
14,2023,"Washington","Oregon",264,"Fri, Dec 1",1,0,0,319,152,131,31,34,3,1,"Pac-12",2,12,1,3,8,3,5,-1,TRUE
14,2024,"Boise State","UNLV",68,"Fri, Dec 6",1,0,0,158,209,62,7,21,14,1,"Mountain West",16,27,67,22,9,11,21,-1,TRUE
14,2024,"Clemson","South Carolina",228,"Sat, Nov 30",0,0,0,280,66,99,17,14,-3,1,"ACC",25,14,28,10,10,12,16,-5,TRUE
14,2024,"Oregon","Penn State",2483,"Sat, Dec 7",1,0,0,283,87,181,37,45,8,1,"Big Ten",2,8,19,5,7,1,4,0,TRUE
14,2024,"South Carolina","Clemson",2579,"Sat, Nov 30",1,0,0,164,166,51,14,17,3,0,"SEC",19,15,21,9,19,16,12,-7,TRUE
14,2024,"Texas","Texas A&M",251,"Sat, Nov 30",1,0,0,218,186,73,7,17,10,0,"SEC",5,2,6,2,3,3,20,0,TRUE
14,2024,"Texas A&M","Texas",245,"Sat, Nov 30",0,0,0,146,60,40,17,7,-10,1,"SEC",24,16,13,13,26,20,3,5,TRUE
14,2024,"Tulane","Army",2655,"Fri, Dec 6",0,0,0,209,66,109,35,14,-21,0,"American",50,32,81,48,27,18,25,-2,TRUE
15,2021,"Alabama","Cincinnati",333,"Fri, Dec 31",1,0,0,181,204,66,6,27,21,1,"SEC",2,2,1,2,3,1,4,-3,TRUE
15,2021,"Cincinnati","Alabama",2132,"Fri, Dec 31",0,0,0,144,77,55,27,6,-21,1,"American",6,10,54,5,2,4,1,1,TRUE
15,2021,"Georgia","Michigan",61,"Fri, Dec 31",1,0,0,313,54,112,11,34,23,1,"SEC",1,1,3,1,1,3,2,2,TRUE
15,2021,"Michigan","Georgia",130,"Fri, Dec 31",0,0,0,131,39,63,34,11,-23,1,"Big Ten",3,4,5,3,4,2,3,0,TRUE
15,2022,"Michigan","TCU",130,"Sat, Dec 31",0,0,0,343,119,135,51,45,-6,1,"Big Ten",3,4,28,7,3,2,3,0,TRUE
15,2022,"TCU","Michigan",2628,"Sat, Dec 31",1,0,0,225,150,163,45,51,6,1,"Big 12",2,13,4,13,30,3,2,0,TRUE
15,2022,"Troy","UTSA",2653,"Fri, Dec 16",1,0,0,113,73,41,12,18,6,1,"Sun Belt",18,63,92,61,41,23,22,-3,TRUE
15,2022,"Tulane","USC",2655,"Mon, Jan 2",1,0,0,234,205,87,45,46,1,1,"American",10,25,65,23,11,14,8,-4,TRUE
15,2022,"USC","Tulane",30,"Mon, Jan 2",0,0,0,462,61,174,46,45,-1,1,"Pac-12",11,16,35,6,7,8,14,4,TRUE
15,2022,"UTSA","Troy",2636,"Fri, Dec 16",0,0,0,198,132,62,18,12,-6,1,"CUSA",26,59,77,46,19,22,23,-1,TRUE
15,2023,"Alabama","Michigan",333,"Mon, Jan 1",0,1,1,116,87,47,27,20,-7,1,"SEC",4,6,2,7,15,5,1,-3,TRUE
15,2023,"Florida State","Georgia",52,"Sat, Dec 30",0,0,0,139,46,84,63,3,-60,1,"ACC",5,13,36,17,21,4,6,0,TRUE
15,2023,"Georgia","Florida State",61,"Sat, Dec 30",1,0,0,203,104,86,3,63,60,1,"SEC",3,2,23,2,3,6,4,5,TRUE
15,2023,"Michigan","Alabama",130,"Mon, Jan 1",1,1,1,221,83,73,20,27,7,1,"Big Ten",1,1,7,1,1,1,5,-1,TRUE
15,2023,"Texas","Washington",251,"Mon, Jan 1",0,0,0,318,64,75,37,31,-6,1,"Big 12",9,7,12,4,5,3,2,-4,TRUE
15,2023,"Washington","Texas",264,"Mon, Jan 1",1,0,0,430,49,125,31,37,6,1,"Pac-12",2,12,1,3,8,2,3,-1,TRUE
15,2024,"Arizona State","Iowa State",9,"Sat, Dec 7",1,0,0,219,170,91,19,45,26,1,"Big 12",14,21,39,19,24,12,16,-9,TRUE
15,2024,"Boise State","Penn State",68,"Tue, Dec 31",0,0,0,304,104,96,31,14,-17,1,"Mountain West",16,27,67,22,9,10,3,-1,TRUE
15,2024,"BYU","Colorado",252,"Sat, Dec 28",1,0,0,151,88,33,14,36,22,1,"Big 12",7,25,44,14,14,17,20,3,TRUE
15,2024,"Clemson","SMU",228,"Sat, Dec 7",1,0,0,262,28,143,31,34,3,1,"ACC",25,14,28,10,10,18,8,6,TRUE
15,2024,"Colorado","BYU",38,"Sat, Dec 28",0,0,0,208,25,106,36,14,-22,1,"Big 12",30,23,65,44,50,20,17,4,TRUE
15,2024,"Georgia","Texas",61,"Sat, Dec 7",1,1,1,71,94,41,19,22,3,1,"SEC",4,7,1,12,46,5,2,-1,TRUE
15,2024,"Illinois","South Carolina",356,"Tue, Dec 31",1,0,0,174,114,90,17,21,4,1,"Big Ten",11,42,30,34,36,21,13,-1,TRUE
15,2024,"Indiana","Notre Dame",84,"Fri, Dec 20",0,0,0,215,37,67,27,17,-10,0,"Big Ten",8,10,35,6,6,9,4,-1,TRUE
15,2024,"Iowa State","Arizona State",66,"Sat, Dec 7",0,0,0,214,52,115,45,19,-26,1,"Big 12",15,26,42,49,61,16,12,-1,TRUE
15,2024,"Miami","Iowa State",2390,"Sat, Dec 28",0,0,0,190,179,64,42,41,-1,1,"ACC",21,11,56,20,22,14,16,3,TRUE
15,2024,"Notre Dame","Indiana",87,"Fri, Dec 20",1,0,0,201,108,89,17,27,10,1,"FBS Indep.",3,3,4,4,5,4,9,-1,TRUE
15,2024,"Ohio State","Tennessee",194,"Sat, Dec 21",1,0,0,311,80,103,17,42,25,1,"Big Ten",1,1,2,1,1,7,6,5,TRUE
15,2024,"Oregon","Ohio State",2483,"Wed, Jan 1",0,0,0,299,14,116,41,21,-20,1,"Big Ten",2,8,19,5,7,1,7,0,TRUE
15,2024,"Penn State","Oregon",213,"Sat, Dec 7",0,0,0,226,124,84,45,37,-8,1,"Big Ten",6,6,10,8,13,3,1,-1,TRUE
15,2024,"South Carolina","Illinois",2579,"Tue, Dec 31",0,0,0,260,69,69,21,17,-4,1,"SEC",19,15,21,9,19,13,21,-3,TRUE
15,2024,"Tennessee","Ohio State",2633,"Sat, Dec 21",0,0,0,104,77,40,42,17,-25,0,"SEC",9,9,16,11,15,6,7,-1,TRUE
15,2024,"Texas","Georgia",251,"Sat, Dec 7",0,1,1,358,51,162,22,19,-3,1,"SEC",5,2,6,2,3,2,5,-1,TRUE
15,2024,"UNLV","Boise State",2439,"Fri, Dec 6",0,0,0,110,95,32,21,7,-14,0,"Mountain West",31,40,87,37,17,19,10,-2,TRUE
16,2021,"Alabama","Georgia",333,"Mon, Jan 10",0,0,0,369,68,102,33,18,-15,1,"SEC",2,2,1,2,3,2,1,1,TRUE
16,2021,"Georgia","Alabama",61,"Mon, Jan 10",1,0,0,224,84,52,18,33,15,1,"SEC",1,1,3,1,1,1,2,-2,TRUE
16,2022,"Georgia","TCU",61,"Mon, Jan 9",1,0,0,304,50,152,7,65,58,1,"SEC",1,1,8,1,1,1,2,0,TRUE
16,2022,"TCU","Georgia",2628,"Mon, Jan 9",0,0,0,152,59,101,65,7,-58,1,"Big 12",2,13,4,13,30,2,1,-1,TRUE
16,2023,"Michigan","Washington",130,"Mon, Jan 8",1,0,0,140,134,64,13,34,21,1,"Big Ten",1,1,7,1,1,1,2,0,TRUE
16,2023,"Washington","Michigan",264,"Mon, Jan 8",0,0,0,255,33,87,34,13,-21,1,"Pac-12",2,12,1,3,8,2,1,0,TRUE
16,2024,"Arizona State","Texas",9,"Wed, Jan 1",0,1,2,222,143,99,39,31,-8,1,"Big 12",14,21,39,19,24,7,3,-5,TRUE
16,2024,"Clemson","Texas",228,"Sat, Dec 21",0,0,0,336,44,116,38,24,-14,0,"ACC",25,14,28,10,10,11,3,-7,TRUE
16,2024,"Georgia","Notre Dame",61,"Thu, Jan 2",0,0,0,234,38,67,23,10,-13,1,"SEC",4,7,1,12,46,6,2,1,TRUE
16,2024,"Notre Dame","Georgia",87,"Thu, Jan 2",1,0,0,90,80,46,10,23,13,1,"FBS Indep.",3,3,4,4,5,2,6,-2,TRUE
16,2024,"Penn State","SMU",213,"Sat, Dec 21",1,0,0,127,90,48,10,38,28,1,"Big Ten",6,6,10,8,13,5,11,2,TRUE
16,2024,"SMU","Clemson",2567,"Sat, Dec 7",0,0,0,304,113,97,34,31,-3,1,"ACC",18,13,41,18,16,11,11,2,TRUE
16,2024,"Texas","Clemson",251,"Sat, Dec 21",1,0,0,202,146,77,24,38,14,1,"SEC",5,2,6,2,3,3,11,1,TRUE
2,2021,"Iowa","Iowa State",2294,"Sat, Sep 11",1,0,0,106,55,36,17,27,10,0,"Big Ten",16,32,23,33,54,12,10,-6,TRUE
2,2021,"Ohio State","Oregon",194,"Sat, Sep 11",0,0,0,484,77,145,35,28,-7,1,"Big Ten",8,3,27,4,8,3,11,-1,TRUE
2,2021,"Oregon","Ohio State",2483,"Sat, Sep 11",1,0,0,236,161,34,28,35,7,0,"Pac-12",20,30,8,23,37,11,3,-1,TRUE
2,2022,"Alabama","Texas",333,"Sat, Sep 10",1,0,0,213,97,74,19,20,1,0,"SEC",4,2,9,3,4,1,22,0,TRUE
2,2022,"BYU","Baylor",252,"Sat, Sep 10",1,1,2,261,31,122,20,26,6,1,"FBS Indep.",52,65,73,58,55,25,8,-1,TRUE
2,2022,"Florida","Kentucky",57,"Sat, Sep 10",0,0,0,143,62,50,26,16,-10,1,"SEC",44,33,3,45,81,19,20,-7,TRUE
2,2022,"Kentucky","Florida",96,"Sat, Sep 10",1,0,0,202,80,83,16,26,10,0,"SEC",40,44,16,48,73,20,19,-1,TRUE
2,2022,"Texas","Alabama",251,"Sat, Sep 10",0,0,0,158,57,97,20,19,-1,1,"Big 12",21,7,24,9,13,22,1,4,TRUE
2,2023,"Alabama","Texas",333,"Sat, Sep 9",0,0,0,255,45,68,34,24,-10,1,"SEC",4,6,2,7,15,3,10,0,TRUE
2,2023,"Texas","Alabama",251,"Sat, Sep 9",1,0,0,349,57,114,24,34,10,0,"Big 12",9,7,12,4,5,10,3,-2,TRUE
2,2023,"Tulane","Ole Miss",2655,"Sat, Sep 9",0,0,0,231,92,94,37,20,-17,1,"American",30,56,93,36,14,22,20,-1,TRUE
2,2024,"Michigan","Texas",130,"Sat, Sep 7",0,0,0,204,41,70,31,12,-19,1,"Big Ten",22,29,5,23,51,9,3,1,TRUE
2,2024,"Texas","Michigan",251,"Sat, Sep 7",1,0,0,246,55,98,12,31,19,0,"SEC",5,2,6,2,3,3,9,-1,TRUE
3,2021,"Alabama","Florida",333,"Sat, Sep 18",1,0,0,240,78,61,29,31,2,0,"SEC",2,2,1,2,3,1,9,0,TRUE
3,2021,"Arizona State","BYU",9,"Sat, Sep 18",0,0,0,265,82,65,27,17,-10,0,"Pac-12",49,39,61,61,63,21,23,-4,TRUE
3,2021,"Auburn","Penn State",2,"Sat, Sep 18",0,0,0,185,102,66,28,20,-8,0,"SEC",48,20,4,29,58,20,12,-6,TRUE
3,2021,"BYU","Arizona State",252,"Sat, Sep 18",1,0,0,214,69,95,17,27,10,1,"FBS Indep.",25,40,70,21,17,23,21,-3,TRUE
3,2021,"Florida","Alabama",57,"Sat, Sep 18",0,0,0,195,86,51,31,29,-2,1,"SEC",67,34,17,45,62,9,1,0,TRUE
3,2021,"Penn State","Auburn",213,"Sat, Sep 18",1,0,0,280,45,78,20,28,8,1,"Big Ten",37,17,10,14,33,12,20,-1,TRUE
3,2022,"BYU","Oregon",252,"Sat, Sep 17",0,0,0,305,28,60,41,20,-21,0,"FBS Indep.",52,65,73,58,55,14,24,-11,TRUE
3,2022,"Miami","Texas A&M",2390,"Sat, Sep 17",0,0,0,217,85,56,17,9,-8,0,"ACC",79,69,67,90,99,13,22,-3,TRUE
3,2022,"Oregon","BYU",2483,"Sat, Sep 17",1,0,0,222,97,84,20,41,21,1,"Pac-12",13,14,23,11,12,24,14,12,TRUE
3,2024,"Arizona","Kansas State",12,"Fri, Sep 13",0,0,0,268,48,138,31,7,-24,0,"Big 12",88,80,58,92,116,18,15,-3,TRUE
3,2024,"Kansas State","Arizona",2306,"Fri, Sep 13",1,0,0,156,110,60,7,31,24,1,"Big 12",28,24,51,42,59,15,18,-1,TRUE
4,2021,"Arkansas","Texas A&M",8,"Sat, Sep 25",1,0,0,212,82,167,10,20,10,1,"SEC",14,21,2,20,41,18,5,-6,TRUE
4,2021,"Fresno State","UCLA",278,"Sat, Sep 18",1,0,0,455,136,141,37,40,3,0,"Mountain West",30,53,95,37,19,25,24,-1,TRUE
4,2021,"Notre Dame","Wisconsin",87,"Sat, Sep 25",1,0,0,158,33,76,13,41,28,1,"FBS Indep.",10,6,43,9,11,10,15,0,TRUE
4,2021,"Texas A&M","Arkansas",245,"Sat, Sep 25",0,0,0,151,95,35,20,10,-10,1,"SEC",29,14,52,30,28,5,18,0,TRUE
4,2021,"UCLA","Fresno State",26,"Sat, Sep 18",0,0,0,278,67,113,40,37,-3,1,"Pac-12",36,31,76,41,36,24,25,8,TRUE
4,2021,"Wisconsin","Notre Dame",275,"Sat, Sep 25",0,0,0,240,54,69,41,13,-28,1,"Big Ten",22,13,35,7,14,15,10,-2,TRUE
4,2022,"Arkansas","Texas A&M",8,"Sat, Sep 24",0,0,0,171,105,57,23,21,-2,1,"SEC",37,36,34,39,67,10,20,-7,TRUE
4,2022,"Clemson","Wake Forest",228,"Sat, Sep 24",1,1,2,371,104,84,45,51,6,0,"ACC",14,9,42,15,15,5,16,1,TRUE
4,2022,"Florida","Tennessee",57,"Sat, Sep 24",0,0,0,453,62,155,38,33,-5,0,"SEC",44,33,3,45,81,22,12,1,TRUE
4,2022,"NC State","Clemson",154,"Sat, Sep 24",0,1,2,337,73,141,51,45,-6,1,"ACC",33,39,53,32,40,11,5,-1,TRUE
4,2022,"Tennessee","Florida",2633,"Sat, Sep 24",1,0,0,349,112,102,33,38,5,1,"SEC",5,5,7,4,8,12,22,-4,TRUE
4,2022,"Texas A&M","Arkansas",245,"Sat, Sep 24",1,0,0,151,159,50,21,23,2,1,"SEC",68,35,25,54,79,20,10,-2,TRUE
4,2022,"Wake Forest","Clemson",154,"Sat, Sep 24",0,1,2,337,73,141,51,45,-6,1,"ACC",35,32,58,26,28,16,5,-2,TRUE
4,2023,"Alabama","Ole Miss",333,"Sat, Sep 23",1,0,0,225,105,63,10,24,14,1,"SEC",4,6,2,7,15,12,16,2,TRUE
4,2023,"Clemson","Florida State",228,"Sat, Sep 23",0,1,1,283,69,84,31,24,-7,1,"ACC",22,19,48,15,19,23,3,1,TRUE
4,2023,"Colorado","Oregon",38,"Sat, Sep 23",0,0,0,159,31,75,42,6,-36,0,"Pac-12",77,77,39,80,115,19,11,-2,TRUE
4,2023,"Florida State","Clemson",52,"Sat, Sep 23",1,1,1,289,25,94,24,31,7,0,"ACC",5,13,36,17,21,3,23,0,TRUE
4,2023,"Iowa","Penn State",2294,"Sat, Sep 23",0,0,0,42,18,35,31,0,-31,0,"Big Ten",20,46,19,40,55,22,7,-2,TRUE
4,2023,"Ohio State","Notre Dame",194,"Sat, Sep 23",1,0,0,240,104,96,14,17,3,0,"Big Ten",7,3,5,6,7,4,9,0,TRUE
4,2023,"Ole Miss","Alabama",145,"Sat, Sep 23",0,0,0,244,56,88,24,10,-14,0,"SEC",6,15,3,12,17,16,12,-3,TRUE
4,2023,"Oregon","Colorado",2483,"Sat, Sep 23",1,0,0,276,89,126,6,42,36,1,"Pac-12",10,4,52,5,2,11,19,-2,TRUE
4,2023,"Oregon State","Washington State",204,"Sat, Sep 23",0,0,0,198,101,76,38,35,-3,0,"Pac-12",31,21,25,20,34,15,24,-2,TRUE
4,2023,"Penn State","Iowa",213,"Sat, Sep 23",1,0,0,166,72,66,0,31,31,1,"Big Ten",12,5,22,11,13,7,22,0,TRUE
4,2023,"UCLA","Utah",26,"Sat, Sep 23",0,0,0,234,31,69,14,7,-7,0,"Pac-12",45,35,63,47,57,25,10,-1,TRUE
4,2023,"Utah","UCLA",254,"Sat, Sep 23",1,0,0,117,86,57,7,14,7,1,"Pac-12",28,25,29,37,62,10,25,-2,TRUE
4,2023,"Washington State","Oregon State",265,"Sat, Sep 23",1,0,0,404,46,174,35,38,3,1,"Pac-12",71,51,46,41,60,24,15,-2,TRUE
4,2024,"Michigan","USC",130,"Sat, Sep 21",1,0,0,32,159,10,24,27,3,1,"Big Ten",22,29,5,23,51,17,12,1,TRUE
4,2024,"Oklahoma","Tennessee",201,"Sat, Sep 21",0,0,0,132,22,79,25,15,-10,1,"SEC",42,30,9,35,77,13,7,0,TRUE
4,2024,"Oklahoma State","Utah",197,"Sat, Sep 21",0,0,0,206,42,50,22,19,-3,1,"Big 12",94,68,46,85,121,15,10,1,TRUE
4,2024,"Tennessee","Oklahoma",2633,"Sat, Sep 21",1,0,0,194,92,92,15,25,10,0,"SEC",9,9,16,11,15,7,13,-2,TRUE
4,2024,"USC","Michigan",30,"Sat, Sep 21",0,0,0,283,100,98,27,24,-3,0,"Big Ten",38,17,27,31,68,12,17,-2,TRUE
4,2024,"Utah","Oklahoma State",254,"Sat, Sep 21",1,0,0,207,182,95,19,22,3,0,"Big 12",72,46,72,50,63,10,15,0,TRUE
5,2021,"Alabama","Ole Miss",333,"Sat, Oct 2",1,0,0,241,171,65,21,42,21,1,"SEC",2,2,1,2,3,1,12,0,TRUE
5,2021,"Arkansas","Georgia",8,"Sat, Oct 2",0,0,0,65,28,22,37,0,-37,0,"SEC",14,21,2,20,41,11,2,-7,TRUE
5,2021,"Baylor","Oklahoma State",239,"Sat, Oct 2",0,0,0,173,97,88,24,14,-10,0,"Big 12",7,15,25,6,7,24,18,-2,TRUE
5,2021,"Cincinnati","Notre Dame",2132,"Sat, Oct 2",1,0,0,297,71,144,13,24,11,0,"American",6,10,54,5,2,8,7,0,TRUE
5,2021,"Florida","Kentucky",57,"Sat, Oct 2",0,0,0,203,63,59,20,13,-7,0,"SEC",67,34,17,45,62,9,23,-2,TRUE
5,2021,"Georgia","Arkansas",61,"Sat, Oct 2",1,0,0,72,87,27,0,37,37,1,"SEC",1,1,3,1,1,2,11,0,TRUE
5,2021,"Kentucky","Florida",96,"Sat, Oct 2",1,0,0,87,99,65,13,20,7,1,"SEC",19,28,32,15,15,23,9,-3,TRUE
5,2021,"Notre Dame","Cincinnati",87,"Sat, Oct 2",0,0,0,143,45,93,24,13,-11,1,"FBS Indep.",10,6,43,9,11,7,8,-3,TRUE
5,2021,"Oklahoma State","Baylor",197,"Sat, Oct 2",1,0,0,182,125,110,14,24,10,1,"Big 12",4,7,18,10,23,18,24,-4,TRUE
5,2021,"Ole Miss","Alabama",145,"Sat, Oct 2",0,0,0,213,47,53,42,21,-21,0,"SEC",12,18,19,8,16,12,1,-4,TRUE
5,2022,"Alabama","Arkansas",333,"Sat, Oct 1",1,0,0,173,206,92,26,49,23,0,"SEC",4,2,9,3,4,2,19,0,TRUE
5,2022,"Arkansas","Alabama",8,"Sat, Oct 1",0,0,0,155,101,48,49,26,-23,1,"SEC",37,36,34,39,67,19,2,9,TRUE
5,2022,"Baylor","Oklahoma State",239,"Sat, Oct 1",0,0,0,345,85,174,36,25,-11,1,"Big 12",57,26,37,29,53,14,7,-3,TRUE
5,2022,"Clemson","NC State",228,"Sat, Oct 1",1,0,0,209,73,54,20,30,10,1,"ACC",14,9,42,15,15,5,10,0,TRUE
5,2022,"Florida State","Wake Forest",52,"Sat, Oct 1",0,0,0,281,87,85,31,21,-10,1,"ACC",16,11,50,12,10,22,21,-4,TRUE
5,2022,"Kentucky","Ole Miss",96,"Sat, Oct 1",0,0,0,220,72,81,22,19,-3,0,"SEC",40,44,16,48,73,8,11,-1,TRUE
5,2022,"NC State","Florida State",154,"Sat, Oct 1",1,0,0,234,114,91,21,31,10,0,"ACC",33,39,53,32,40,10,22,-1,TRUE
5,2022,"Oklahoma State","Baylor",197,"Sat, Oct 1",1,0,0,181,75,86,25,36,11,0,"Big 12",42,38,38,44,71,7,14,-3,TRUE
5,2022,"Ole Miss","Kentucky",145,"Sat, Oct 1",1,0,0,213,106,100,19,22,3,1,"SEC",28,18,36,20,31,11,8,-2,TRUE
5,2022,"Wake Forest","Florida State",154,"Sat, Oct 1",1,0,0,234,114,91,21,31,10,0,"ACC",35,32,58,26,28,21,22,5,TRUE
5,2023,"Duke","Notre Dame",150,"Sat, Sep 30",0,0,0,134,88,67,21,14,-7,1,"ACC",35,29,49,29,39,16,13,-4,TRUE
5,2023,"Kansas","Texas",2305,"Sat, Sep 30",0,0,0,136,45,58,40,14,-26,0,"Big 12",24,28,43,18,22,24,5,-2,TRUE
5,2023,"LSU","Ole Miss",99,"Sat, Sep 30",0,0,0,414,101,124,55,49,-6,0,"SEC",11,10,17,16,28,12,20,-1,TRUE
5,2023,"Notre Dame","Ohio State",87,"Sat, Sep 23",0,0,0,175,70,75,17,14,-3,1,"FBS Indep.",13,8,44,9,6,13,3,4,TRUE
5,2023,"Ole Miss","LSU",145,"Sat, Sep 30",1,0,0,389,177,153,49,55,6,1,"SEC",6,15,3,12,17,20,12,4,TRUE
5,2023,"Oregon State","Utah",204,"Fri, Sep 29",1,0,0,204,65,100,7,21,14,1,"Pac-12",31,21,25,20,34,21,10,6,TRUE
5,2023,"Texas","Kansas",251,"Sat, Sep 30",1,0,0,325,218,141,14,40,26,1,"Big 12",9,7,12,4,5,5,24,-1,TRUE
5,2023,"Utah","Oregon State",254,"Fri, Sep 29",0,0,0,101,58,59,21,7,-14,0,"Pac-12",28,25,29,37,62,10,21,0,TRUE
5,2024,"Alabama","Georgia",333,"Sat, Sep 28",1,0,0,374,117,177,34,41,7,1,"SEC",17,4,20,7,12,4,1,0,TRUE
5,2024,"Georgia","Alabama",61,"Sat, Sep 28",0,0,0,439,55,132,41,34,-7,0,"SEC",4,7,1,12,46,1,4,0,TRUE
5,2024,"Illinois","Penn State",356,"Sat, Sep 28",0,0,0,185,64,43,21,7,-14,0,"Big Ten",11,42,30,34,36,21,8,-5,TRUE
5,2024,"Kansas State","Oklahoma State",2306,"Sat, Sep 28",1,0,0,259,187,78,20,42,22,1,"Big 12",28,24,51,42,59,25,20,11,TRUE
5,2024,"Louisville","Notre Dame",97,"Sat, Sep 28",0,0,0,264,72,71,31,24,-7,0,"ACC",23,12,31,17,25,17,14,-3,TRUE
5,2024,"Notre Dame","Louisville",87,"Sat, Sep 28",1,0,0,163,52,61,24,31,7,1,"FBS Indep.",3,3,4,4,5,14,17,-4,TRUE
5,2024,"Oklahoma State","Kansas State",197,"Sat, Sep 28",0,0,0,364,76,157,42,20,-22,0,"Big 12",94,68,46,85,121,20,25,5,TRUE
5,2024,"Penn State","Illinois",213,"Sat, Sep 28",1,0,0,135,102,38,7,21,14,1,"Big Ten",6,6,10,8,13,8,21,0,TRUE
6,2021,"Arkansas","Ole Miss",8,"Sat, Oct 9",0,0,0,326,139,136,52,51,-1,0,"SEC",14,21,2,20,41,16,17,5,TRUE
6,2021,"Auburn","Georgia",2,"Sat, Oct 9",0,0,0,217,28,59,34,10,-24,1,"SEC",48,20,4,29,58,19,2,-3,TRUE
6,2021,"Georgia","Auburn",61,"Sat, Oct 9",1,0,0,231,79,135,10,34,24,0,"SEC",1,1,3,1,1,2,19,0,TRUE
6,2021,"Iowa","Penn State",2294,"Sat, Oct 9",1,0,0,195,88,73,20,23,3,1,"Big Ten",16,32,23,33,54,3,4,-2,TRUE
6,2021,"Oklahoma","Texas",201,"Sat, Oct 9",1,0,0,212,217,136,48,55,7,1,"Big 12",9,5,40,16,20,5,23,1,TRUE
6,2021,"Ole Miss","Arkansas",145,"Sat, Oct 9",1,0,0,287,111,127,51,52,1,1,"SEC",12,18,19,8,16,17,16,5,TRUE
6,2021,"Penn State","Iowa",213,"Sat, Oct 9",0,0,0,146,36,61,23,20,-3,0,"Big Ten",37,17,10,14,33,4,3,-2,TRUE
6,2021,"Texas","Oklahoma",251,"Sat, Oct 9",0,0,0,388,137,261,55,48,-7,1,"Big 12",56,24,31,28,55,23,5,-3,TRUE
6,2022,"Arkansas","Mississippi State",8,"Sat, Oct 8",0,0,0,234,114,113,40,17,-23,0,"SEC",37,36,34,39,67,25,23,6,TRUE
6,2022,"Kansas","TCU",2305,"Sat, Oct 8",0,0,0,262,88,98,38,31,-7,1,"Big 12",48,58,31,56,91,17,18,-9,TRUE
6,2022,"Mississippi State","Arkansas",344,"Sat, Oct 8",1,0,0,406,89,80,17,40,23,1,"SEC",15,15,5,10,26,23,25,-3,TRUE
6,2022,"TCU","Kansas",2628,"Sat, Oct 8",1,0,0,308,88,206,31,38,7,0,"Big 12",2,13,4,13,30,18,17,-8,TRUE
6,2022,"UCLA","Utah",26,"Sat, Oct 8",1,0,0,299,198,70,32,42,10,1,"Pac-12",29,27,64,28,17,19,11,-7,TRUE
6,2022,"Utah","UCLA",254,"Sat, Oct 8",0,0,0,287,91,87,42,32,-10,0,"Pac-12",19,8,41,19,25,11,19,-2,TRUE
6,2023,"Georgia","Kentucky",61,"Sat, Oct 7",1,0,0,389,54,132,13,51,38,1,"SEC",3,2,23,2,3,1,20,0,TRUE
6,2023,"Kentucky","Georgia",96,"Sat, Oct 7",0,0,0,128,59,65,51,13,-38,0,"SEC",37,33,13,28,50,20,1,-6,TRUE
6,2023,"Louisville","Notre Dame",97,"Sat, Oct 7",1,0,0,145,143,75,20,33,13,1,"ACC",21,23,47,21,25,25,11,-1,TRUE
6,2023,"LSU","Missouri",99,"Sat, Oct 7",1,0,0,259,134,146,39,49,10,0,"SEC",11,10,17,16,28,23,22,11,TRUE
6,2023,"Missouri","LSU",142,"Sat, Oct 7",0,0,0,411,114,149,49,39,-10,1,"SEC",8,14,9,8,12,22,23,0,TRUE
6,2023,"Notre Dame","Duke",87,"Sat, Sep 30",1,0,0,222,81,134,14,21,7,0,"FBS Indep.",13,8,44,9,6,11,21,-2,TRUE
6,2023,"Oklahoma","Texas",201,"Sat, Oct 7",1,0,0,285,113,130,30,34,4,1,"Big 12",14,9,50,10,9,12,4,-2,TRUE
6,2023,"Texas","Oklahoma",251,"Sat, Oct 7",0,0,0,346,129,115,34,30,-4,1,"Big 12",9,7,12,4,5,4,12,-1,TRUE
6,2024,"Missouri","Texas A&M",142,"Sat, Oct 5",0,0,0,186,30,82,41,10,-31,0,"SEC",12,20,34,39,54,9,21,1,TRUE
6,2024,"Texas A&M","Missouri",245,"Sat, Oct 5",1,0,0,276,138,76,10,41,31,1,"SEC",24,16,13,13,26,21,9,-3,TRUE
7,2021,"Georgia","Kentucky",61,"Sat, Oct 16",1,0,0,250,51,101,13,30,17,1,"SEC",1,1,3,1,1,1,11,-1,TRUE
7,2021,"Kentucky","Georgia",96,"Sat, Oct 16",0,0,0,193,14,39,30,13,-17,0,"SEC",19,28,32,15,15,11,1,-3,TRUE
7,2022,"Alabama","Tennessee",333,"Sat, Oct 15",0,0,0,455,103,90,52,49,-3,0,"SEC",4,2,9,3,4,1,8,0,TRUE
7,2022,"Baylor","Kansas",239,"Sat, Oct 22",1,0,0,164,186,39,23,35,12,1,"Big 12",57,26,37,29,53,23,20,1,TRUE
7,2022,"Kentucky","Mississippi State",96,"Sat, Oct 15",1,0,0,230,197,62,17,27,10,1,"SEC",40,44,16,48,73,22,17,9,TRUE
7,2022,"Michigan","Penn State",130,"Sat, Oct 15",1,0,0,145,173,43,17,41,24,1,"Big Ten",3,4,28,7,3,4,10,0,TRUE
7,2022,"Mississippi State","Kentucky",344,"Sat, Oct 15",0,0,0,203,16,60,27,17,-10,0,"SEC",15,15,5,10,26,17,22,-6,TRUE
7,2022,"Oklahoma State","TCU",197,"Sat, Oct 15",0,1,2,245,72,79,43,40,-3,0,"Big 12",42,38,38,44,71,7,15,0,TRUE
7,2022,"Penn State","Michigan",213,"Sat, Oct 15",0,0,0,120,74,57,41,17,-24,0,"Big Ten",7,6,20,5,5,10,4,-2,TRUE
7,2022,"Syracuse","NC State",183,"Sat, Oct 15",1,0,0,210,98,141,9,24,15,1,"ACC",50,47,49,57,70,18,13,-8,TRUE
7,2022,"TCU","Oklahoma State",2628,"Sat, Oct 15",1,1,2,286,104,180,40,43,3,1,"Big 12",2,13,4,13,30,15,7,-3,TRUE
7,2022,"Tennessee","Alabama",2633,"Sat, Oct 15",1,0,0,385,71,207,49,52,3,1,"SEC",5,5,7,4,8,8,1,0,TRUE
7,2022,"USC","Utah",30,"Sat, Oct 15",0,0,0,381,76,145,43,42,-1,0,"Pac-12",11,16,35,6,7,6,19,0,TRUE
7,2022,"Utah","USC",254,"Sat, Oct 15",1,0,0,415,60,234,42,43,1,1,"Pac-12",19,8,41,19,25,19,6,8,TRUE
7,2023,"Kentucky","Missouri",96,"Sat, Oct 14",0,0,0,120,128,32,38,21,-17,1,"SEC",37,33,13,28,50,23,25,3,TRUE
7,2023,"Missouri","Kentucky",142,"Sat, Oct 14",1,0,0,175,71,66,21,38,17,0,"SEC",8,14,9,8,12,25,23,3,TRUE
7,2023,"Notre Dame","Louisville",87,"Sat, Oct 7",0,0,0,254,37,71,33,20,-13,0,"FBS Indep.",13,8,44,9,6,21,15,10,TRUE
7,2023,"Oregon","Washington",2483,"Sat, Oct 14",0,0,0,337,127,154,36,33,-3,0,"Pac-12",10,4,52,5,2,8,6,-1,TRUE
7,2023,"Oregon State","UCLA",204,"Sat, Oct 14",1,0,0,266,90,87,24,36,12,1,"Pac-12",31,21,25,20,34,14,22,-2,TRUE
7,2023,"UCLA","Oregon State",26,"Sat, Oct 14",0,0,0,165,110,48,36,24,-12,0,"Pac-12",45,35,63,47,57,22,14,-4,TRUE
7,2023,"Washington","Oregon",264,"Sat, Oct 14",1,0,0,302,100,128,33,36,3,1,"Pac-12",2,12,1,3,8,6,8,-2,TRUE
7,2024,"LSU","Ole Miss",99,"Sat, Oct 12",1,1,1,337,37,111,26,29,3,1,"SEC",10,18,14,15,34,10,8,-3,TRUE
7,2024,"Ohio State","Oregon",194,"Sat, Oct 12",0,0,0,326,87,100,32,31,-1,0,"Big Ten",1,1,2,1,1,2,3,-1,TRUE
7,2024,"Oklahoma","Texas",201,"Sat, Oct 12",0,0,0,148,38,45,34,3,-31,1,"SEC",42,30,9,35,77,16,1,-2,TRUE
7,2024,"Ole Miss","LSU",145,"Sat, Oct 12",0,1,1,284,107,132,29,26,-3,0,"SEC",13,5,37,3,2,8,10,-3,TRUE
7,2024,"Oregon","Ohio State",2483,"Sat, Oct 12",1,0,0,341,115,149,31,32,1,1,"Big Ten",2,8,19,5,7,3,2,-3,TRUE
7,2024,"Texas","Oklahoma",251,"Sat, Oct 12",1,0,0,199,118,91,3,34,31,1,"SEC",5,2,6,2,3,1,16,-1,TRUE
8,2021,"Pittsburgh","Clemson",221,"Sat, Oct 23",1,0,0,302,66,84,17,27,10,1,"ACC",21,12,57,13,9,23,24,-3,TRUE
8,2022,"Alabama","Mississippi State",333,"Sat, Oct 22",1,0,0,249,37,74,6,30,24,1,"SEC",4,2,9,3,4,6,24,5,TRUE
8,2022,"Clemson","Syracuse",228,"Sat, Oct 22",1,0,0,138,172,50,21,27,6,1,"ACC",14,9,42,15,15,5,14,0,TRUE
8,2022,"Kansas State","TCU",2306,"Sat, Oct 22",0,0,0,225,83,69,38,28,-10,0,"Big 12",12,12,11,8,14,17,8,-3,TRUE
8,2022,"Mississippi State","Alabama",344,"Sat, Oct 22",0,0,0,231,53,73,30,6,-24,0,"SEC",15,15,5,10,26,24,6,7,TRUE
8,2022,"Oklahoma State","Texas",197,"Sat, Oct 22",1,0,0,391,64,133,34,41,7,1,"Big 12",42,38,38,44,71,11,21,4,TRUE
8,2022,"Oregon","UCLA",2483,"Sat, Oct 22",1,0,0,283,107,132,30,45,15,1,"Pac-12",13,14,23,11,12,9,10,-3,TRUE
8,2022,"Syracuse","Clemson",183,"Sat, Oct 22",0,0,0,167,71,86,27,21,-6,0,"ACC",50,47,49,57,70,14,5,-4,TRUE
8,2022,"TCU","Kansas State",2628,"Sat, Oct 22",1,0,0,280,153,74,28,38,10,1,"Big 12",2,13,4,13,30,8,17,-7,TRUE
8,2022,"Texas","Oklahoma State",251,"Sat, Oct 22",0,0,0,319,140,78,41,34,-7,0,"Big 12",21,7,24,9,13,21,11,-3,TRUE
8,2022,"UCLA","Oregon",26,"Sat, Oct 22",0,0,0,262,151,101,45,30,-15,0,"Pac-12",29,27,64,28,17,10,9,-9,TRUE
8,2023,"Alabama","Tennessee",333,"Sat, Oct 21",1,0,0,220,115,77,20,34,14,1,"SEC",4,6,2,7,15,8,15,-2,TRUE
8,2023,"Duke","Florida State",150,"Sat, Oct 21",0,0,0,69,110,26,38,20,-18,0,"ACC",35,29,49,29,39,17,4,-1,TRUE
8,2023,"Florida State","Duke",52,"Sat, Oct 21",1,0,0,268,62,58,20,38,18,1,"ACC",5,13,36,17,21,4,17,0,TRUE
8,2023,"Notre Dame","USC",87,"Sat, Oct 14",1,0,0,126,95,62,20,48,28,1,"FBS Indep.",13,8,44,9,6,18,16,-3,TRUE
8,2023,"Ohio State","Penn State",194,"Sat, Oct 21",1,0,0,286,62,162,12,20,8,1,"Big Ten",7,3,5,6,7,3,6,0,TRUE
8,2023,"Penn State","Ohio State",213,"Sat, Oct 21",0,0,0,191,48,52,20,12,-8,0,"Big Ten",12,5,22,11,13,6,3,1,TRUE
8,2023,"Tennessee","Alabama",2633,"Sat, Oct 21",0,0,0,271,59,111,34,20,-14,0,"SEC",18,16,18,14,18,15,8,-2,TRUE
8,2023,"USC","Notre Dame",30,"Sat, Oct 14",0,0,0,199,46,51,48,20,-28,0,"Pac-12",27,18,15,32,53,16,18,7,TRUE
8,2023,"Utah","USC",254,"Sat, Oct 21",1,0,0,235,117,149,32,34,2,0,"Pac-12",28,25,29,37,62,14,16,-2,TRUE
8,2024,"Alabama","Tennessee",333,"Sat, Oct 19",0,0,0,239,42,73,24,17,-7,0,"SEC",17,4,20,7,12,7,10,0,TRUE
8,2024,"Georgia","Texas",61,"Sat, Oct 19",1,0,0,175,87,45,15,30,15,0,"SEC",4,7,1,12,46,4,1,0,TRUE
8,2024,"Illinois","Michigan",356,"Sat, Oct 19",1,0,0,80,54,32,7,21,14,1,"Big Ten",11,42,30,34,36,21,22,-2,TRUE
8,2024,"Indiana","Nebraska",84,"Sat, Oct 19",1,0,0,189,105,65,7,56,49,1,"Big Ten",8,10,35,6,6,18,25,-6,TRUE
8,2024,"Michigan","Illinois",130,"Sat, Oct 19",0,0,0,208,87,83,21,7,-14,0,"Big Ten",22,29,5,23,51,22,21,12,TRUE
8,2024,"Nebraska","Indiana",158,"Sat, Oct 19",0,0,0,234,32,91,56,7,-49,0,"Big Ten",46,38,15,21,30,25,18,-1,TRUE
8,2024,"Tennessee","Alabama",2633,"Sat, Oct 19",1,0,0,194,139,80,17,24,7,1,"SEC",9,9,16,11,15,10,7,1,TRUE
8,2024,"Texas","Georgia",251,"Sat, Oct 19",0,0,0,211,52,77,30,15,-15,1,"SEC",5,2,6,2,3,1,4,0,TRUE
9,2021,"Auburn","Ole Miss",2,"Sat, Oct 30",1,0,0,276,140,79,20,31,11,1,"SEC",48,20,4,29,58,21,9,-5,TRUE
9,2021,"Michigan","Michigan State",130,"Sat, Oct 30",0,0,0,383,59,155,37,33,-4,0,"Big Ten",3,4,5,3,4,6,7,0,TRUE
9,2021,"Michigan State","Michigan",127,"Sat, Oct 30",1,0,0,196,197,80,33,37,4,1,"Big Ten",5,19,13,19,39,7,6,-2,TRUE
9,2021,"Ohio State","Penn State",194,"Sat, Oct 30",1,0,0,305,152,97,24,33,9,1,"Big Ten",8,3,27,4,8,5,17,0,TRUE
9,2021,"Ole Miss","Auburn",145,"Sat, Oct 30",0,0,0,289,57,135,31,20,-11,0,"SEC",12,18,19,8,16,9,21,-3,TRUE
9,2021,"Penn State","Ohio State",213,"Sat, Oct 30",0,0,0,361,20,127,33,24,-9,0,"Big Ten",37,17,10,14,33,17,5,9,TRUE
9,2022,"Kansas State","Oklahoma State",2306,"Sat, Oct 29",1,0,0,296,158,113,0,48,48,1,"Big 12",12,12,11,8,14,22,9,5,TRUE
9,2022,"Kentucky","Tennessee",96,"Sat, Oct 29",0,0,0,98,64,44,44,6,-38,0,"SEC",40,44,16,48,73,17,3,-5,TRUE
9,2022,"Ohio State","Penn State",194,"Sat, Oct 29",1,0,0,354,78,185,31,44,13,0,"Big Ten",6,3,15,2,2,2,13,0,TRUE
9,2022,"Oklahoma State","Kansas State",197,"Sat, Oct 29",0,0,0,147,27,49,48,0,-48,0,"Big 12",42,38,38,44,71,9,22,-2,TRUE
9,2022,"Penn State","Ohio State",213,"Sat, Oct 29",0,0,0,371,76,179,44,31,-13,1,"Big Ten",7,6,20,5,5,13,2,-3,TRUE
9,2022,"Tennessee","Kentucky",2633,"Sat, Oct 29",1,0,0,245,78,138,6,44,38,1,"SEC",5,5,7,4,8,3,17,-5,TRUE
9,2023,"Duke","Louisville",150,"Sat, Oct 28",0,0,0,121,23,92,23,0,-23,0,"ACC",35,29,49,29,39,21,18,4,TRUE
9,2023,"Louisville","Duke",97,"Sat, Oct 28",1,0,0,117,163,73,0,23,23,1,"ACC",21,23,47,21,25,18,21,3,TRUE
9,2023,"Oregon","Utah",2483,"Sat, Oct 28",1,0,0,248,83,99,6,35,29,0,"Pac-12",10,4,52,5,2,9,13,-2,TRUE
9,2023,"USC","Utah",30,"Sat, Oct 21",0,0,0,256,86,112,34,32,-2,1,"Pac-12",27,18,15,32,53,22,13,6,TRUE
9,2023,"Utah","Oregon",254,"Sat, Oct 28",0,0,0,136,39,80,35,6,-29,1,"Pac-12",28,25,29,37,62,13,9,-1,TRUE
9,2024,"Alabama","Missouri",333,"Sat, Oct 26",1,0,0,215,79,82,0,34,34,1,"SEC",17,4,20,7,12,15,17,8,TRUE
9,2024,"Illinois","Oregon",356,"Sat, Oct 26",0,0,0,161,69,72,38,9,-29,0,"Big Ten",11,42,30,34,36,21,1,0,TRUE
9,2024,"LSU","Texas A&M",99,"Sat, Oct 26",0,0,0,405,23,126,38,23,-15,0,"SEC",10,18,14,15,34,7,14,-1,TRUE
9,2024,"Missouri","Alabama",142,"Sat, Oct 26",0,0,0,42,80,23,34,0,-34,0,"SEC",12,20,34,39,54,17,15,1,TRUE
9,2024,"Navy","Notre Dame",2426,"Sat, Oct 26",0,0,0,88,129,39,51,14,-37,1,"American",32,61,74,43,23,24,11,-2,TRUE
9,2024,"Notre Dame","Navy",87,"Sat, Oct 26",1,0,0,178,102,52,14,51,37,1,"FBS Indep.",3,3,4,4,5,11,24,0,TRUE
9,2024,"Oregon","Illinois",2483,"Sat, Oct 26",1,0,0,291,83,102,9,38,29,1,"Big Ten",2,8,19,5,7,1,21,-1,TRUE
9,2024,"Pittsburgh","SMU",221,"Sat, Nov 2",0,0,0,248,49,81,48,25,-23,0,"ACC",54,56,57,66,78,20,22,0,TRUE
9,2024,"Texas","Vanderbilt",251,"Sat, Oct 26",1,0,0,288,79,97,24,27,3,0,"SEC",5,2,6,2,3,6,25,5,TRUE
9,2024,"Texas A&M","LSU",245,"Sat, Oct 26",1,0,0,70,91,54,23,38,15,1,"SEC",24,16,13,13,26,14,7,0,TRUE
9,2024,"Vanderbilt","Texas",238,"Sat, Oct 26",0,0,0,143,67,62,27,24,-3,1,"SEC",36,39,17,33,67,25,6,-1,TRUE
